Workbook

Sheet Distances
B1: 02108 | C1: 02109 | D1: 02110 | E1: 02111 | F1: 02113 | G1: 02114 | H1: 02115 | I1: 02116 | J1: 02118 | K1: 02119 | L1: 02120 | M1: 02121 | N1: 02122 | O1: 02124 | P1: 02125 | Q1: 02126 | R1: 02127 | S1: 02128 | T1: 02129 | U1: 02130 | V1: 02131 | W1: 02132 | X1: 02134 | Y1: 02135 | Z1: 02199 | AA1: 02203 | AB1: 02210 | AC1: 02215
A2: 02108 | B2: 0 | C2: 1.1941029 | D2: 1.0601043 | E2: 0.8911365 | F2: 1.2599544 | G2: 0.71444098 | H2: 3.0183029 | I2: 1.0601137 | J2: 2.1178082 | K2: 3.9847902 | L2: 3.76121 | M2: 5.9088118 | N2: 6.8297171 | O2: 7.9192276 | P2: 4.6053372 | Q2: 9.4558347 | R2: 3.2678806 | S2: 4.397711 | T2: 2.531719 | U2: 6.7088315 | V2: 9.4178138 | W2: 11.638982 | X2: 5.3152517 | Y2: 7.3266722 | Z2: 1.7238552 | AA2: 0.68220721 | AB2: 2.2789072 | AC2: 3.2201815
A3: 02109 | B3: 1.1941029 | C3: 0 | D3: 0.60349932 | E3: 1.5268164 | F3: 0.26245514 | G3: 1.022841 | H3: 4.212323 | I3: 2.2502864 | J3: 3.1230264 | K3: 5.0663995 | L3: 4.9432218 | M3: 6.9115004 | N3: 7.3008214 | O3: 8.7480394 | P3: 5.2685841 | Q3: 10.4229 | R3: 3.4013359 | S3: 3.2484039 | T3: 1.9693518 | U3: 7.8663778 | V3: 10.53828 | W3: 12.817338 | X3: 6.2896897 | Y3: 8.3695735 | Z3: 2.9179132 | AA3: 0.51242887 | AB3: 2.0894306 | AC3: 4.375544
A4: 02110 | B4: 1.0601043 | C4: 0.60349932 | D4: 0 | E4: 1.0250198 | F4: 0.85590252 | G4: 1.2666747 | H4: 3.9752454 | I4: 2.0100774 | J4: 2.6607409 | K4: 4.6236121 | L4: 4.6268516 | M4: 6.4099197 | N4: 6.6973228 | O4: 8.1809132 | P4: 4.6794578 | Q4: 9.8968383 | R4: 2.811209 | S4: 3.3970164 | T4: 2.559208 | U4: 7.4873526 | V4: 10.10825 | W4: 12.468617 | X4: 6.3655103 | Y4: 8.3866276 | Z4: 2.6965112 | AA4: 0.59995865 | AB4: 1.5394832 | AC4: 4.2591476
A5: 02111 | B5: 0.8911365 | C5: 1.5268164 | D5: 1.0250198 | E5: 0 | F5: 1.7199927 | G5: 1.5569504 | H5: 3.1141665 | I5: 1.2638135 | J5: 1.6365439 | K5: 3.600482 | L5: 3.6750775 | M5: 5.3938787 | N5: 5.9767517 | O5: 7.2370596 | P5: 3.8144822 | Q5: 8.8968781 | R5: 2.3856813 | S5: 4.3253336 | T5: 3.2809946 | U5: 6.4827692 | V5: 9.0853914 | W5: 11.474914 | X5: 5.882034 | Y5: 7.7894335 | Z5: 1.907863 | AA5: 1.1638111 | AB5: 1.543811 | AC5: 3.5445429
A6: 02113 | B6: 1.2599544 | C6: 0.26245514 | D6: 0.85590252 | E6: 1.7199927 | F6: 0 | G6: 0.92867834 | H6: 4.2565035 | I6: 2.3177794 | J6: 3.2794472 | K6: 5.2046842 | L6: 5.0202476 | M6: 7.0782277 | N6: 7.5493004 | O6: 8.9553909 | P6: 5.495612 | Q6: 10.601817 | R6: 3.6613845 | S6: 3.3035666 | T6: 1.7080886 | U6: 7.966776 | V6: 10.662329 | W6: 12.898165 | X6: 6.1896109 | Y6: 8.2896711 | Z6: 2.9664074 | AA6: 0.60171605 | AB6: 2.3517924 | AC6: 4.3650914
A7: 02114 | B7: 0.71444098 | C7: 1.022841 | D7: 1.2666747 | E7: 1.5569504 | F7: 0.92867834 | G7: 0 | H7: 3.4378892 | I7: 1.603598 | J7: 2.8060055 | K7: 4.6170082 | L7: 4.2625597 | M7: 6.5739478 | N7: 7.528221 | O7: 8.6247219 | P7: 5.3185002 | Q7: 10.127848 | R7: 3.8725311 | S7: 4.2321849 | T7: 1.830693 | U7: 7.2466426 | V7: 9.9968773 | W7: 12.121719 | X7: 5.2706894 | Y7: 7.3626562 | Z7: 2.1779133 | AA7: 0.66778911 | AB7: 2.743935 | AC7: 3.4668302
A8: 02115 | B8: 3.0183029 | C8: 4.212323 | D8: 3.9752454 | E8: 3.1141665 | F8: 4.2565035 | G8: 3.4378892 | H8: 0 | I8: 1.9724031 | J8: 1.9999346 | K8: 2.0022342 | L8: 0.95287542 | M8: 3.9280327 | N8: 6.5633144 | O8: 6.4044136 | P8: 4.2087381 | Q8: 7.3503723 | R8: 4.6278711 | S8: 7.3722607 | T8: 5.0359144 | U8: 3.9026445 | V8: 6.7219516 | W8: 8.6896308 | X8: 3.4792067 | Y8: 4.970012 | Z8: 1.2944616 | AA8: 3.7000694 | AB8: 4.49149 | AC8: 0.9075913
A9: 02116 | B9: 1.0601137 | C9: 2.2502864 | D9: 2.0100774 | E9: 1.2638135 | F9: 2.3177794 | G9: 1.603598 | H9: 1.9724031 | I9: 0 | J9: 1.3700151 | K9: 3.025408 | L9: 2.7025967 | M9: 5.0094789 | N9: 6.4450066 | O9: 7.1707109 | P9: 4.0983707 | Q9: 8.56676 | R9: 3.3851544 | S9: 5.4047577 | T9: 3.3913266 | U9: 5.662977 | V9: 8.3965397 | W9: 10.580466 | X9: 4.6366528 | Y9: 6.525623 | Z9: 0.6864457 | AA9: 1.740548 | AB9: 2.7901211 | AC9: 2.2915087
A10: 02118 | B10: 2.1178082 | C10: 3.1230264 | D10: 2.6607409 | E10: 1.6365439 | F10: 3.2794472 | G10: 2.8060055 | H10: 1.9999346 | I10: 1.3700151 | J10: 0 | K10: 1.9644098 | L10: 2.2371834 | M10: 3.801853 | N10: 5.1248514 | O10: 5.8332023 | P10: 2.7508257 | Q10: 7.340783 | R10: 2.6279915 | S10: 5.8961081 | T10: 4.6366744 | U10: 4.8755346 | V10: 7.4491504 | W10: 9.8792149 | X10: 5.3488892 | Y10: 6.9662571 | Z10: 1.4013561 | AA10: 2.6820874 | AB10: 2.6459911 | AC10: 2.7498888
A11: 02119 | B11: 3.9847902 | C11: 5.0663995 | D11: 4.6236121 | E11: 3.600482 | F11: 5.2046842 | G11: 4.6170082 | H11: 2.0022342 | I11: 3.025408 | J11: 1.9644098 | K11: 0 | L11: 1.305712 | M11: 2.0239717 | N11: 4.7527403 | O11: 4.4170859 | P11: 2.5631547 | Q11: 5.5646341 | R11: 3.9667488 | S11: 7.8280842 | T11: 6.4164778 | U11: 2.9675746 | V11: 5.4849097 | W11: 7.9680252 | X11: 5.2752721 | Y11: 6.3418702 | Z11: 2.6173186 | AA11: 4.6030379 | AB11: 4.449212 | AC11: 2.8799142
A12: 02120 | B12: 3.76121 | C12: 4.9432218 | D12: 4.6268516 | E12: 3.6750775 | F12: 5.0202476 | G12: 4.2625597 | H12: 0.95287542 | I12: 2.7025967 | J12: 2.2371834 | K12: 1.305712 | L12: 0 | M12: 3.0495213 | N12: 6.0512081 | O12: 5.5710668 | P12: 3.8008954 | Q12: 6.4126791 | R12: 4.7435222 | S12: 7.9984376 | T12: 5.9327253 | U12: 2.9949644 | V12: 5.7936928 | W12: 7.8779179 | X12: 3.970938 | Y12: 5.1037659 | Z12: 2.0852353 | AA12: 4.4379612 | AB12: 4.8790515 | AC12: 1.6833038
A13: 02121 | B13: 5.9088118 | C13: 6.9115004 | D13: 6.4099197 | E13: 5.3938787 | F13: 7.0782277 | G13: 6.5739478 | H13: 3.9280327 | I13: 5.0094789 | J13: 3.801853 | K13: 2.0239717 | L13: 3.0495213 | M13: 0 | N13: 3.9690338 | O13: 2.5498205 | P13: 2.7098462 | Q13: 3.5573299 | R13: 5.0141502 | S13: 9.3853274 | T13: 8.3935274 | U13: 2.3789809 | V13: 3.9801826 | W13: 6.8481347 | X13: 6.8326408 | Y13: 7.4245531 | Z13: 4.6392186 | AA13: 6.4829931 | AB13: 5.8957589 | AC13: 4.7324648
... A29: 02215 | B29: 3.2201815 | C29: 4.375544 | D29: 4.2591476 | E29: 3.5445429 | F29: 4.3650914 | G29: 3.4668302 | H29: 0.9075913 | I29: 2.2915087 | J29: 2.7498888 | K29: 2.8799142 | L29: 1.6833038 | M29: 4.7324648 | N29: 7.4694354 | O29: 7.2454242 | P29: 5.1086799 | Q29: 8.0585898 | R29: 5.3486803 | S29: 7.614139 | T29: 4.8322051 | U29: 4.3531056 | V29: 7.1858625 | W29: 8.8872342 | X29: 2.6131979 | Y29: 4.279185 | Z29: 1.6414641 | AA29: 3.8728813 | AB29: 5.0301668 | AC29: 0

Sheet Adjacencies
A1: ZIP | B1: 2108 | C1: 2109 | D1: 2110 | E1: 2111 | F1: 2113 | G1: 2114 | H1: 2115 | I1: 2116 | J1: 2118 | K1: 2119 | L1: 2120 | M1: 2121 | N1: 2122 | O1: 2124 | P1: 2125 | Q1: 2126 | R1: 2127 | S1: 2128 | T1: 2129 | U1: 2130 | V1: 2131 | W1: 2132 | X1: 2134 | Y1: 2135 | Z1: 2136 | AA1: 2203 | AB1: 2210 | AC1: 2215
A2: 2108 | B2: 0 | C2: 1 | D2: 1 | E2: 1 | F2: 0 | G2: 1 | H2: 0 | I2: 1 | J2: 0 | K2: 0 | L2: 0 | M2: 0 | N2: 0 | O2: 0 | P2: 0 | Q2: 0 | R2: 0 | S2: 0 | T2: 0 | U2: 0 | V2: 0 | W2: 0 | X2: 0 | Y2: 0 | Z2: 0 | AA2: 1 | AB2: 0 | AC2: 0
A3: 2109 | B3: 1 | C3: 0 | D3: 1 | E3: 0 | F3: 1 | G3: 0 | H3: 0 | I3: 0 | J3: 0 | K3: 0 | L3: 0 | M3: 0 | N3: 0 | O3: 0 | P3: 0 | Q3: 0 | R3: 0 | S3: 0 | T3: 0 | U3: 0 | V3: 0 | W3: 0 | X3: 0 | Y3: 0 | Z3: 0 | AA3: 1 | AB3: 0 | AC3: 0
A4: 2110 | B4: 1 | C4: 1 | D4: 0 | E4: 1 | F4: 1 | G4: 0 | H4: 0 | I4: 0 | J4: 0 | K4: 0 | L4: 0 | M4: 0 | N4: 0 | O4: 0 | P4: 0 | Q4: 0 | R4: 1 | S4: 1 | T4: 0 | U4: 0 | V4: 0 | W4: 0 | X4: 0 | Y4: 0 | Z4: 0 | AA4: 0 | AB4: 0 | AC4: 0
A5: 2111 | B5: 1 | C5: 0 | D5: 1 | E5: 0 | F5: 0 | G5: 0 | H5: 0 | I5: 1 | J5: 1 | K5: 0 | L5: 0 | M5: 0 | N5: 0 | O5: 0 | P5: 0 | Q5: 0 | R5: 1 | S5: 0 | T5: 0 | U5: 0 | V5: 0 | W5: 0 | X5: 0 | Y5: 0 | Z5: 0 | AA5: 0 | AB5: 0 | AC5: 0
A6: 2113 | B6: 0 | C6: 1 | D6: 0 | E6: 1 | F6: 0 | G6: 1 | H6: 0 | I6: 0 | J6: 0 | K6: 0 | L6: 0 | M6: 0 | N6: 0 | O6: 0 | P6: 0 | Q6: 0 | R6: 0 | S6: 0 | T6: 1 | U6: 0 | V6: 0 | W6: 0 | X6: 0 | Y6: 0 | Z6: 0 | AA6: 0 | AB6: 0 | AC6: 0
A7: 2114 | B7: 1 | C7: 0 | D7: 0 | E7: 0 | F7: 1 | G7: 0 | H7: 0 | I7: 0 | J7: 0 | K7: 0 | L7: 0 | M7: 0 | N7: 0 | O7: 0 | P7: 0 | Q7: 0 | R7: 0 | S7: 0 | T7: 0 | U7: 0 | V7: 0 | W7: 0 | X7: 0 | Y7: 0 | Z7: 0 | AA7: 1 | AB7: 0 | AC7: 0
A8: 2115 | B8: 0 | C8: 0 | D8: 0 | E8: 0 | F8: 0 | G8: 0 | H8: 0 | I8: 1 | J8: 1 | K8: 0 | L8: 1 | M8: 0 | N8: 0 | O8: 0 | P8: 0 | Q8: 0 | R8: 0 | S8: 0 | T8: 0 | U8: 1 | V8: 0 | W8: 0 | X8: 0 | Y8: 0 | Z8: 0 | AA8: 0 | AB8: 0 | AC8: 1
A9: 2116 | B9: 1 | C9: 0 | D9: 0 | E9: 1 | F9: 0 | G9: 0 | H9: 1 | I9: 0 | J9: 1 | K9: 0 | L9: 0 | M9: 0 | N9: 0 | O9: 0 | P9: 0 | Q9: 0 | R9: 0 | S9: 0 | T9: 0 | U9: 0 | V9: 0 | W9: 0 | X9: 0 | Y9: 0 | Z9: 0 | AA9: 0 | AB9: 0 | AC9: 0
A10: 2118 | B10: 0 | C10: 0 | D10: 0 | E10: 1 | F10: 0 | G10: 0 | H10: 1 | I10: 1 | J10: 0 | K10: 1 | L10: 1 | M10: 0 | N10: 0 | O10: 0 | P10: 1 | Q10: 0 | R10: 1 | S10: 0 | T10: 0 | U10: 0 | V10: 0 | W10: 0 | X10: 0 | Y10: 0 | Z10: 0 | AA10: 0 | AB10: 0 | AC10: 0
A11: 2119 | B11: 0 | C11: 0 | D11: 0 | E11: 0 | F11: 0 | G11: 0 | H11: 0 | I11: 0 | J11: 1 | K11: 0 | L11: 1 | M11: 1 | N11: 0 | O11: 0 | P11: 1 | Q11: 0 | R11: 0 | S11: 0 | T11: 0 | U11: 1 | V11: 0 | W11: 0 | X11: 0 | Y11: 0 | Z11: 0 | AA11: 0 | AB11: 0 | AC11: 0
A12: 2120 | B12: 0 | C12: 0 | D12: 0 | E12: 0 | F12: 0 | G12: 0 | H12: 1 | I12: 0 | J12: 1 | K12: 1 | L12: 0 | M12: 0 | N12: 0 | O12: 0 | P12: 0 | Q12: 0 | R12: 0 | S12: 0 | T12: 0 | U12: 1 | V12: 0 | W12: 0 | X12: 0 | Y12: 0 | Z12: 0 | AA12: 0 | AB12: 0 | AC12: 0
A13: 2121 | B13: 0 | C13: 0 | D13: 0 | E13: 0 | F13: 0 | G13: 0 | H13: 0 | I13: 0 | J13: 0 | K13: 1 | L13: 0 | M13: 0 | N13: 1 | O13: 1 | P13: 1 | Q13: 1 | R13: 0 | S13: 0 | T13: 0 | U13: 1 | V13: 0 | W13: 0 | X13: 0 | Y13: 0 | Z13: 0 | AA13: 0 | AB13: 0 | AC13: 0
... A29: 2215 | B29: 0 | C29: 0 | D29: 0 | E29: 0 | F29: 0 | G29: 0 | H29: 1 | I29: 0 | J29: 0 | K29: 0 | L29: 0 | M29: 0 | N29: 0 | O29: 0 | P29: 0 | Q29: 0 | R29: 0 | S29: 0 | T29: 0 | U29: 0 | V29: 0 | W29: 0 | X29: 1 | Y29: 0 | Z29: 0 | AA29: 0 | AB29: 0 | AC29: 0

Sheet Cell Transmission Matrix
A1: =Adjacencies!A1 -> ZIP | B1: =Adjacencies!B1 -> 2108 | C1: =Adjacencies!C1 -> 2109 | D1: =Adjacencies!D1 -> 2110 | E1: =Adjacencies!E1 -> 2111 | F1: =Adjacencies!F1 -> 2113 | G1: =Adjacencies!G1 -> 2114 | H1: =Adjacencies!H1 -> 2115 | ... AC1: =Adjacencies!AC1 -> 2215
A2: =Adjacencies!A2 -> 2108 | B2: =Distances!B2*Adjacencies!B2 -> 0 | C2: =Distances!C2*Adjacencies!C2 -> 1.1941029 | D2: =Distances!D2*Adjacencies!D2 -> 1.0601043 | E2: =Distances!E2*Adjacencies!E2 -> 0.8911365 | F2: =Distances!F2*Adjacencies!F2 -> 0 | G2: =Distances!G2*Adjacencies!G2 -> 0.71444098 | H2: =Distances!H2*Adjacencies!H2 -> 0 | I2: =Distances!I2*Adjacencies!I2 -> 1.0601137 | ... AC2: =Distances!AC2*Adjacencies!AC2 -> 0
A3: =Adjacencies!A3 -> 2109 | B3: =Distances!B3*Adjacencies!B3 -> 1.1941029 | C3: =Distances!C3*Adjacencies!C3 -> 0 | D3: =Distances!D3*Adjacencies!D3 -> 0.60349932 | E3: =Distances!E3*Adjacencies!E3 -> 0 | F3: =Distances!F3*Adjacencies!F3 -> 0.26245514 | G3: =Distances!G3*Adjacencies!G3 -> 0 | H3: =Distances!H3*Adjacencies!H3 -> 0 | I3: =Distances!I3*Adjacencies!I3 -> 0 | ... AC3: =Distances!AC3*Adjacencies!AC3 -> 0
A4: =Adjacencies!A4 -> 2110 | B4: =Distances!B4*Adjacencies!B4 -> 1.0601043 | C4: =Distances!C4*Adjacencies!C4 -> 0.60349932 | D4: =Distances!D4*Adjacencies!D4 -> 0 | E4: =Distances!E4*Adjacencies!E4 -> 1.0250198 | F4: =Distances!F4*Adjacencies!F4 -> 0.85590252 | G4: =Distances!G4*Adjacencies!G4 -> 0 | H4: =Distances!H4*Adjacencies!H4 -> 0 | I4: =Distances!I4*Adjacencies!I4 -> 0 | ... AC4: =Distances!AC4*Adjacencies!AC4 -> 0
A5: =Adjacencies!A5 -> 2111 | B5: =Distances!B5*Adjacencies!B5 -> 0.8911365 | C5: =Distances!C5*Adjacencies!C5 -> 0 | D5: =Distances!D5*Adjacencies!D5 -> 1.0250198 | E5: =Distances!E5*Adjacencies!E5 -> 0 | F5: =Distances!F5*Adjacencies!F5 -> 0 | G5: =Distances!G5*Adjacencies!G5 -> 0 | H5: =Distances!H5*Adjacencies!H5 -> 0 | I5: =Distances!I5*Adjacencies!I5 -> 1.2638135 | ... AC5: =Distances!AC5*Adjacencies!AC5 -> 0
A6: =Adjacencies!A6 -> 2113 | B6: =Distances!B6*Adjacencies!B6 -> 0 | C6: =Distances!C6*Adjacencies!C6 -> 0.26245514 | D6: =Distances!D6*Adjacencies!D6 -> 0 | E6: =Distances!E6*Adjacencies!E6 -> 1.7199927 | F6: =Distances!F6*Adjacencies!F6 -> 0 | G6: =Distances!G6*Adjacencies!G6 -> 0.92867834 | H6: =Distances!H6*Adjacencies!H6 -> 0 | I6: =Distances!I6*Adjacencies!I6 -> 0 | ... AC6: =Distances!AC6*Adjacencies!AC6 -> 0
A7: =Adjacencies!A7 -> 2114 | B7: =Distances!B7*Adjacencies!B7 -> 0.71444098 | C7: =Distances!C7*Adjacencies!C7 -> 0 | D7: =Distances!D7*Adjacencies!D7 -> 0 | E7: =Distances!E7*Adjacencies!E7 -> 0 | F7: =Distances!F7*Adjacencies!F7 -> 0.92867834 | G7: =Distances!G7*Adjacencies!G7 -> 0 | H7: =Distances!H7*Adjacencies!H7 -> 0 | I7: =Distances!I7*Adjacencies!I7 -> 0 | ... AC7: =Distances!AC7*Adjacencies!AC7 -> 0
A8: =Adjacencies!A8 -> 2115 | B8: =Distances!B8*Adjacencies!B8 -> 0 | C8: =Distances!C8*Adjacencies!C8 -> 0 | D8: =Distances!D8*Adjacencies!D8 -> 0 | E8: =Distances!E8*Adjacencies!E8 -> 0 | F8: =Distances!F8*Adjacencies!F8 -> 0 | G8: =Distances!G8*Adjacencies!G8 -> 0 | H8: =Distances!H8*Adjacencies!H8 -> 0 | I8: =Distances!I8*Adjacencies!I8 -> 1.9724031 | ... AC8: =Distances!AC8*Adjacencies!AC8 -> 0.9075913
A9: =Adjacencies!A9 -> 2116 | B9: =Distances!B9*Adjacencies!B9 -> 1.0601137 | C9: =Distances!C9*Adjacencies!C9 -> 0 | D9: =Distances!D9*Adjacencies!D9 -> 0 | E9: =Distances!E9*Adjacencies!E9 -> 1.2638135 | F9: =Distances!F9*Adjacencies!F9 -> 0 | G9: =Distances!G9*Adjacencies!G9 -> 0 | H9: =Distances!H9*Adjacencies!H9 -> 1.9724031 | I9: =Distances!I9*Adjacencies!I9 -> 0 | ... AC9: =Distances!AC9*Adjacencies!AC9 -> 0
A10: =Adjacencies!A10 -> 2118 | B10: =Distances!B10*Adjacencies!B10 -> 0 | C10: =Distances!C10*Adjacencies!C10 -> 0 | D10: =Distances!D10*Adjacencies!D10 -> 0 | E10: =Distances!E10*Adjacencies!E10 -> 1.6365439 | F10: =Distances!F10*Adjacencies!F10 -> 0 | G10: =Distances!G10*Adjacencies!G10 -> 0 | H10: =Distances!H10*Adjacencies!H10 -> 1.9999346 | I10: =Distances!I10*Adjacencies!I10 -> 1.3700151 | ... AC10: =Distances!AC10*Adjacencies!AC10 -> 0
A11: =Adjacencies!A11 -> 2119 | B11: =Distances!B11*Adjacencies!B11 -> 0 | C11: =Distances!C11*Adjacencies!C11 -> 0 | D11: =Distances!D11*Adjacencies!D11 -> 0 | E11: =Distances!E11*Adjacencies!E11 -> 0 | F11: =Distances!F11*Adjacencies!F11 -> 0 | G11: =Distances!G11*Adjacencies!G11 -> 0 | H11: =Distances!H11*Adjacencies!H11 -> 0 | I11: =Distances!I11*Adjacencies!I11 -> 0 | ... AC11: =Distances!AC11*Adjacencies!AC11 -> 0
A12: =Adjacencies!A12 -> 2120 | B12: =Distances!B12*Adjacencies!B12 -> 0 | C12: =Distances!C12*Adjacencies!C12 -> 0 | D12: =Distances!D12*Adjacencies!D12 -> 0 | E12: =Distances!E12*Adjacencies!E12 -> 0 | F12: =Distances!F12*Adjacencies!F12 -> 0 | G12: =Distances!G12*Adjacencies!G12 -> 0 | H12: =Distances!H12*Adjacencies!H12 -> 0.95287542 | I12: =Distances!I12*Adjacencies!I12 -> 0 | ... AC12: =Distances!AC12*Adjacencies!AC12 -> 0
A13: =Adjacencies!A13 -> 2121 | B13: =Distances!B13*Adjacencies!B13 -> 0 | C13: =Distances!C13*Adjacencies!C13 -> 0 | D13: =Distances!D13*Adjacencies!D13 -> 0 | E13: =Distances!E13*Adjacencies!E13 -> 0 | F13: =Distances!F13*Adjacencies!F13 -> 0 | G13: =Distances!G13*Adjacencies!G13 -> 0 | H13: =Distances!H13*Adjacencies!H13 -> 0 | I13: =Distances!I13*Adjacencies!I13 -> 0 | ... AC13: =Distances!AC13*Adjacencies!AC13 -> 0
... A29: =Adjacencies!A29 -> 2215 | B29: =Distances!B29*Adjacencies!B29 -> 0 | C29: =Distances!C29*Adjacencies!C29 -> 0 | D29: =Distances!D29*Adjacencies!D29 -> 0 | E29: =Distances!E29*Adjacencies!E29 -> 0 | F29: =Distances!F29*Adjacencies!F29 -> 0 | G29: =Distances!G29*Adjacencies!G29 -> 0 | H29: =Distances!H29*Adjacencies!H29 -> 0.9075913 | I29: =Distances!I29*Adjacencies!I29 -> 0 | ... AC29: =Distances!AC29*Adjacencies!AC29 -> 0
